web-scraper-order,web-scraper-start-url,nama_produk,diskon_produk,harga_produk
"1730849833-1","https://www.klikindomaret.com/category/facial-cleanser","Garnier Men Turbo Bright Super Serum Gel 5X Vitamin C 7mL","57%
                                                        Rp 26.500","Rp 11.500"
"1730849833-2","https://www.klikindomaret.com/category/facial-cleanser","Olay Regenerist Micro Sculpting Day Cream 7G","50%
                                                        Rp 29.900","Rp 14.900"
"1730849833-3","https://www.klikindomaret.com/category/facial-cleanser","Olay Regenerist Retinol 24 Moisturiser Night Cream 7G","50%
                                                        Rp 29.900","Rp 14.900"
"1730849833-4","https://www.klikindomaret.com/category/facial-cleanser","Maybelline Foundation Fit Me Matte + Poreless 120 Classic Ivo 5mL","50%
                                                        Rp 37.900","Rp 18.900"
"1730849833-5","https://www.klikindomaret.com/category/facial-cleanser","Maybelline Foundation Fit Me Matte + Poreless 128 Warm Nude 5mL","50%
                                                        Rp 37.900","Rp 18.900"
"1730849833-6","https://www.klikindomaret.com/category/facial-cleanser","Maybelline Fit Me Matte+Poreless Powder 128 Warm Nude 6G","50%
                                                        Rp 77.500","Rp 38.700"
"1730849833-7","https://www.klikindomaret.com/category/facial-cleanser","Carasun Solar Smart Uv Protection 8Ml","50%
                                                        Rp 19.200","Rp 9.600"
"1730849833-8","https://www.klikindomaret.com/category/facial-cleanser","Himalaya Natural Glow Face Wash Rose 100mL","50%
                                                        Rp 35.500","Rp 17.800"
"1730849833-9","https://www.klikindomaret.com/category/facial-cleanser","Himalaya Brightening Face Wash Herbals Clear Complex 100mL","40%
                                                        Rp 42.500","Rp 25.500"
"1730849833-10","https://www.klikindomaret.com/category/facial-cleanser","Rojukiss Pinkish Bright Serum Jeju Lotus 8Ml","40%
                                                        Rp 22.700","Rp 13.620"
"1730849833-11","https://www.klikindomaret.com/category/facial-cleanser","Rojukiss Pro Acne Serum Tea Tree Bija 8Ml","40%
                                                        Rp 22.700","Rp 13.620"
"1730849833-12","https://www.klikindomaret.com/category/facial-cleanser","Garnier Bright Complete Water Gel Vitamin C 20mL","39%
                                                        Rp 42.700","Rp 25.900"
"1730849833-13","https://www.klikindomaret.com/category/facial-cleanser","Garnier Sakura Glow Water Gel Ceramide 20mL","39%
                                                        Rp 42.700","Rp 25.900"
"1730849833-14","https://www.klikindomaret.com/category/facial-cleanser","Garnier Bright Complete Overnight Serum Vitamin C 7.5mL","39%
                                                        Rp 22.900","Rp 13.900"
"1730849833-15","https://www.klikindomaret.com/category/facial-cleanser","Garnier Skin Naturals Bright Complete Booster Serum Anti-Acne 7.5mL","38%
                                                        Rp 23.500","Rp 14.500"
"1730849833-16","https://www.klikindomaret.com/category/facial-cleanser","Clean & Clear Foaming Facial Wash 100Ml","38%
                                                        Rp 28.900","Rp 17.900"
"1730849833-17","https://www.klikindomaret.com/category/facial-cleanser","Clean & Clear Vitamin C Face Wash 100mL","38%
                                                        Rp 28.900","Rp 17.900"
"1730849833-18","https://www.klikindomaret.com/category/facial-cleanser","Garnier Light Complete Super Uv Spf 50 + Matte Finish 15Ml","35%
                                                        Rp 42.500","Rp 27.500"
"1730849833-19","https://www.klikindomaret.com/category/facial-cleanser","Poise Facial Foam Whitening 100G","33%
                                                        Rp 27.500","Rp 18.500"
"1730849833-20","https://www.klikindomaret.com/category/facial-cleanser","Kao Biore Uv Aqua Rich Watery Essence 15G","32%
                                                        Rp 41.300","Rp 27.900"
"1730849833-21","https://www.klikindomaret.com/category/facial-cleanser","Garnier Bright Complete Vit C Facial Wash 100mL","29%
                                                        Rp 38.500","Rp 27.500"
"1730849833-22","https://www.klikindomaret.com/category/facial-cleanser","Garnier Bright Complete Vit C Facial Wash Scrub 100mL","29%
                                                        Rp 38.500","Rp 27.500"
"1730849833-23","https://www.klikindomaret.com/category/facial-cleanser","Garnier Sakura Glow Hyaluron Face Wash 100mL","29%
                                                        Rp 38.500","Rp 27.500"
"1730849833-24","https://www.klikindomaret.com/category/facial-cleanser","Nivea MicellAIR Oil & Acne Care 125mL","26%
                                                        Rp 37.500","Rp 27.900"
"1730849833-25","https://www.klikindomaret.com/category/facial-cleanser","Nivea Pearl White Micellair Water Skin Breathe 125mL","26%
                                                        Rp 37.500","Rp 27.900"
"1730849833-26","https://www.klikindomaret.com/category/facial-cleanser","Garnier Micellar Cleansing Water Pink 125mL","25%
                                                        Rp 42.500","Rp 31.900"
"1730849833-27","https://www.klikindomaret.com/category/facial-cleanser","Garnier Micellar Cleansing Water Rose 125Ml","25%
                                                        Rp 42.500","Rp 31.900"
"1730849833-28","https://www.klikindomaret.com/category/facial-cleanser","Garnier Micellar Cleansing Water Salicylic BHA 125mL","25%
                                                        Rp 42.500","Rp 31.900"
"1730849833-29","https://www.klikindomaret.com/category/facial-cleanser","Garnier Micellar Cleansing Water Vitamin C 125Ml","25%
                                                        Rp 42.500","Rp 31.900"
"1730849833-30","https://www.klikindomaret.com/category/facial-cleanser","Shinzu'i Facial Wash Skin Lightening 80Ml","25%
                                                        Rp 30.400","Rp 22.900"
"1730849833-31","https://www.klikindomaret.com/category/facial-cleanser","Acnes Face Wash Complete White 100G","21%
                                                        Rp 34.900","Rp 27.700"
"1730849833-32","https://www.klikindomaret.com/category/facial-cleanser","Hanasui Ceramide Probiotics Moisturizer Gel 30G","21%
                                                        Rp 43.500","Rp 34.500"
"1730849833-33","https://www.klikindomaret.com/category/facial-cleanser","Hanasui Collagen Water Sunscreen Spf50pa++++ 30mL","21%
                                                        Rp 38.500","Rp 30.500"
"1730849833-34","https://www.klikindomaret.com/category/facial-cleanser","Kao Biore Pore Pack Cleansing Strips 4'S Black","20%
                                                        Rp 15.200","Rp 12.100"
"1730849833-35","https://www.klikindomaret.com/category/facial-cleanser","Himalaya Face Wash Herbals Purifying Neem 100mL","20%
                                                        Rp 42.500","Rp 34.000"
"1730849833-36","https://www.klikindomaret.com/category/facial-cleanser","Acnes Creamy Wash 100G","18%
                                                        Rp 33.900","Rp 27.700"
"1730849833-37","https://www.klikindomaret.com/category/facial-cleanser","Azzura Loose Powder 01 Light Beige 30g","15%
                                                        Rp 34.500","Rp 29.325"
"1730849833-38","https://www.klikindomaret.com/category/facial-cleanser","Azzura Loose Powder 02 Natural 30g","15%
                                                        Rp 34.500","Rp 29.325"
"1730849833-39","https://www.klikindomaret.com/category/facial-cleanser","Azzura Two Way Cake 01 Light Beige 12g","15%
                                                        Rp 44.500","Rp 37.825"
"1730849833-40","https://www.klikindomaret.com/category/facial-cleanser","Azzura Two Way Cake 02 Natural 12g","15%
                                                        Rp 44.500","Rp 37.825"
"1730849833-41","https://www.klikindomaret.com/category/facial-cleanser","Selection Kapas Kecantikan 75G","14%
                                                        Rp 16.100","Rp 13.800"
"1730849833-42","https://www.klikindomaret.com/category/facial-cleanser","Hanasui Collagen Water Sunscreen Spf30pa++ 30mL","14%
                                                        Rp 25.500","Rp 22.000"
"1730849833-43","https://www.klikindomaret.com/category/facial-cleanser","Senka Perfect Whip 50G","10%
                                                        Rp 37.500","Rp 33.700"
"1730849833-44","https://www.klikindomaret.com/category/facial-cleanser","Glad2glow 5% Ceramide Moisturizer Blueberry 30G","10%
                                                        Rp 39.000","Rp 35.100"
"1730849833-45","https://www.klikindomaret.com/category/facial-cleanser","Glad2glow Centella Allantoin Soothing Gel Moisturizer 55G","10%
                                                        Rp 42.600","Rp 38.340"
"1730849833-46","https://www.klikindomaret.com/category/facial-cleanser","Glad2glow Ceramide Low Ph Gel Cleanser Blueberry 70mL","10%
                                                        Rp 38.500","Rp 34.650"
"1730849833-47","https://www.klikindomaret.com/category/facial-cleanser","Glad2glow Micellar Water Cherry Blossom 130mL","10%
                                                        Rp 29.400","Rp 26.460"
"1730849833-48","https://www.klikindomaret.com/category/facial-cleanser","Glad2glow Mugwort Salicylic Acid Acne Clay Stick 25G","10%
                                                        Rp 41.500","Rp 37.350"
"1730849833-49","https://www.klikindomaret.com/category/facial-cleanser","Glad2glow Pomegranate 5% Niacinamide Brightening Moisturizer 30G","10%
                                                        Rp 39.000","Rp 35.100"
"1730849833-50","https://www.klikindomaret.com/category/facial-cleanser","Glad2glow Retinol Moisturizer Peach 30G","10%
                                                        Rp 50.000","Rp 45.000"
"1730849833-51","https://www.klikindomaret.com/category/facial-cleanser","Glad2glow Salicylic Acid Acne Gel Cleanser Centella 70mL","10%
                                                        Rp 38.500","Rp 34.650"
"1730849833-52","https://www.klikindomaret.com/category/facial-cleanser","Safi Ultimate Bright Purify Cleanser 100G","10%
                                                        Rp 35.900","Rp 32.400"
"1730849833-53","https://www.klikindomaret.com/category/facial-cleanser","Derma Angel Acne Patch Day 6'S","9%
                                                        Rp 17.200","Rp 15.600"
"1730849833-54","https://www.klikindomaret.com/category/facial-cleanser","Viva Face Tonic Bengkoang 100mL","5%
                                                        Rp 9.500","Rp 9.025"
"1730849833-55","https://www.klikindomaret.com/category/facial-cleanser","Viva Milk Cleanser Bengkoang 100mL","5%
                                                        Rp 10.100","Rp 9.595"
"1730849833-56","https://www.klikindomaret.com/category/facial-cleanser","Viva Penyegar Air Mawar 100mL","5%
                                                        Rp 7.000","Rp 6.650"
"1730849833-57","https://www.klikindomaret.com/category/facial-cleanser","Azarine Calm My Acne Sunscreen Moisturiser SPF 35 Pa+++ 40mL","","Rp 38.500"
"1730849833-58","https://www.klikindomaret.com/category/facial-cleanser","Azarine Hydrasoothe Sunscreen Gel SPF 45 Pa++++ 30mL","","Rp 38.500"
"1730849833-59","https://www.klikindomaret.com/category/facial-cleanser","Carasun Solar Smart Uv Light Sunscreen Spf 50 Pa++++ 30G","","Rp 39.200"
"1730849833-60","https://www.klikindomaret.com/category/facial-cleanser","Citra Fresh Glow Multifunction Gel Aloe Vera 180mL","","Rp 25.500"
"1730849833-61","https://www.klikindomaret.com/category/facial-cleanser","Citra Pelembab Wajah Hazeline Pearly White Uv Cream 40g","","Rp 55.600"
"1730849833-62","https://www.klikindomaret.com/category/facial-cleanser","Citra Sakura Fair Uv Powder Cream 40G","","Rp 55.600"
"1730849833-63","https://www.klikindomaret.com/category/facial-cleanser","Clean & Clear Foaming Facial Wash 50Ml","","Rp 19.400"
"1730849833-64","https://www.klikindomaret.com/category/facial-cleanser","Clean & Clear Oil Control Film 60'S","","Rp 34.200"
"1730849833-65","https://www.klikindomaret.com/category/facial-cleanser","Emina Bright Stuff Face Wash 100mL","","Rp 31.500"
"1730849833-66","https://www.klikindomaret.com/category/facial-cleanser","Emina Bright Stuff Face Wash 50Ml","","Rp 20.000"
"1730849833-67","https://www.klikindomaret.com/category/facial-cleanser","Emina Bright Stuff Face Wash For Acne Prone Skin 50Ml","","Rp 22.200"
"1730849833-68","https://www.klikindomaret.com/category/facial-cleanser","Emina Bright Stuff Loose Powder 55G","","Rp 27.900"
"1730849833-69","https://www.klikindomaret.com/category/facial-cleanser","Emina Bright Stuff Moisturizing Cream 20mL","","Rp 28.300"
"1730849833-70","https://www.klikindomaret.com/category/facial-cleanser","Emina Bright Stuff Moisturizng Cream For Acne Prone Skin 20Ml","","Rp 28.800"
"1730849833-71","https://www.klikindomaret.com/category/facial-cleanser","Emina Bright Stuff Tone Up Cream 20Ml","","Rp 27.500"
"1730849833-72","https://www.klikindomaret.com/category/facial-cleanser","Emina Sun Battle SPF 30 Pa+++ Bright Glow 20mL","","Rp 19.100"
"1730849833-73","https://www.klikindomaret.com/category/facial-cleanser","Emina Sun Battle Spf 30 Pa+++ Bright Glow 50mL","","Rp 33.600"
"1730849833-74","https://www.klikindomaret.com/category/facial-cleanser","Emina Sun Battle Spf 50 Pa++++  Cica Acne Fighter 20mL","","Rp 32.000"
"1730849833-75","https://www.klikindomaret.com/category/facial-cleanser","Garnier Booster Serum Sakura White Hyaluron 7.5Ml","","Rp 23.500"
"1730849833-76","https://www.klikindomaret.com/category/facial-cleanser","Garnier Bright Complete Facial Foam Pure Lemon Essence 50Ml","","Rp 25.900"
"1730849833-77","https://www.klikindomaret.com/category/facial-cleanser","Garnier Bright Complete Super Whip Vitamin C 100mL","","Rp 42.500"
"1730849833-78","https://www.klikindomaret.com/category/facial-cleanser","Garnier Bright Complete Vitamin C Serum Cream SPF36 Pa+++ 20mL","","Rp 36.500"
"1730849833-79","https://www.klikindomaret.com/category/facial-cleanser","Garnier Facial Scrub Multi-Action Pure Active 100Ml","","Rp 37.900"
"1730849833-80","https://www.klikindomaret.com/category/facial-cleanser","Garnier Light Complete Booster Serum Vitamin C 7.5Ml","","Rp 23.500"
"1730849833-81","https://www.klikindomaret.com/category/facial-cleanser","Garnier Light/Bright Complete Night Cream Yoghurt Sl Mask 20Ml","","Rp 36.500"
"1730849833-82","https://www.klikindomaret.com/category/facial-cleanser","Garnier Light/Bright Complete Vitamin C Serum Cream Uv 20Ml","","Rp 32.900"
"1730849833-83","https://www.klikindomaret.com/category/facial-cleanser","Garnier Micellar Cleansing Water Oil Infused 50mL","","Rp 31.500"
"1730849833-84","https://www.klikindomaret.com/category/facial-cleanser","Garnier Micellar Cleansing Water Pink 50mL","","Rp 24.900"
"1730849833-85","https://www.klikindomaret.com/category/facial-cleanser","Garnier Micellar Cleansing Water Salicylic Bha 50mL","","Rp 24.900"
"1730849833-86","https://www.klikindomaret.com/category/facial-cleanser","Garnier Sakura Glow Hyaluron Super Whip 100mL","","Rp 42.500"
"1730849833-87","https://www.klikindomaret.com/category/facial-cleanser","Garnier Skin Nat.Sakura Glow Serum Cream Spf30 20Ml","","Rp 41.500"
"1730849833-88","https://www.klikindomaret.com/category/facial-cleanser","Garnier Skin Natural Bright Complete Ampoule Serum Vitamin C 1.5mL","","Rp 25.700"
"1730849833-89","https://www.klikindomaret.com/category/facial-cleanser","Garnier Skin Natural Serum Mask Sakura White 28G","","Rp 28.500"
"1730849833-90","https://www.klikindomaret.com/category/facial-cleanser","Garnier Skin Naturals Bright Cmplete Cleansing Foam Anti-Acne 100mL","","Rp 42.500"
"1730849833-91","https://www.klikindomaret.com/category/facial-cleanser","Glow & Lovely 2 In 1 Powder Cream 20G","","Rp 28.900"
"1730849833-92","https://www.klikindomaret.com/category/facial-cleanser","Glow & Lovely Bright C Glow Facial Foam Vitamin C 100g","","Rp 32.500"
"1730849833-93","https://www.klikindomaret.com/category/facial-cleanser","Glow & Lovely Multivitamin Cream Derma Glow 23g","","Rp 23.900"
"1730849833-94","https://www.klikindomaret.com/category/facial-cleanser","Glow & Lovely Multivitamin Cream Derma Glow 46g","","Rp 44.100"
"1730849833-95","https://www.klikindomaret.com/category/facial-cleanser","Glow & Lovely Multivitamin Facial Foam Derma Glow 100g","","Rp 32.500"
"1730849833-96","https://www.klikindomaret.com/category/facial-cleanser","Glow & Lovely Multivitamin Facial Foam Derma Glow 50g","","Rp 19.400"
"1730849833-97","https://www.klikindomaret.com/category/facial-cleanser","Glow & Lovely Ultimate UV Duo Vitamin C SPF 35 Pa+++ 20g","","Rp 21.700"
"1730849833-98","https://www.klikindomaret.com/category/facial-cleanser","Hanasui Vitamin C +Collagen Serum 20mL","","Rp 26.900"
"1730849833-99","https://www.klikindomaret.com/category/facial-cleanser","Hanasui Whitening Gold Serum 20mL","","Rp 26.900"
"1730849833-100","https://www.klikindomaret.com/category/facial-cleanser","I Like Myself Serum Moisturizer Kakadu Radiance 8g","","Rp 25.000"
"1730849833-101","https://www.klikindomaret.com/category/facial-cleanser","I Like Myself Serum Moisturizer Mugwort Blemish 8g","","Rp 25.000"
"1730849833-102","https://www.klikindomaret.com/category/facial-cleanser","I Like Myself Serum Moisturizer Skin Barrier 8g","","Rp 25.000"
"1730849833-103","https://www.klikindomaret.com/category/facial-cleanser","Implora 24K Gold Serum 20mL","","Rp 36.000"
"1730849833-104","https://www.klikindomaret.com/category/facial-cleanser","Implora Acne Serum 20Ml","","Rp 36.000"
"1730849833-105","https://www.klikindomaret.com/category/facial-cleanser","Implora Luminos Brightening Serum 20mL","","Rp 36.000"
"1730849833-106","https://www.klikindomaret.com/category/facial-cleanser","Indomaret Facial Cotton 50G","","Rp 10.500"
"1730849833-107","https://www.klikindomaret.com/category/facial-cleanser","Indomaret Kapas Kecantikan 35G","","Rp 7.400"
"1730849833-108","https://www.klikindomaret.com/category/facial-cleanser","Kahf Sunscreen Moisturizer SPF 30 Pa+++ 30mL","","Rp 43.700"
"1730849833-109","https://www.klikindomaret.com/category/facial-cleanser","Kao Biore Uv Oil Control Matte Spf 50Pa+++ Fresh & Bright 30g","","Rp 39.900"
"1730849833-110","https://www.klikindomaret.com/category/facial-cleanser","Kojiesan Face Lightening Cream 30G","","Rp 51.000"
"1730849833-111","https://www.klikindomaret.com/category/facial-cleanser","La Tulipe Two Function Cake Refill Y10 13g","","Rp 37.900"
"1730849833-112","https://www.klikindomaret.com/category/facial-cleanser","La Tulipe Two Function Cake Y10 13g","","Rp 60.600"
"1730849833-113","https://www.klikindomaret.com/category/facial-cleanser","Marck's Bedak Cream 40G","","Rp 22.700"
"1730849833-114","https://www.klikindomaret.com/category/facial-cleanser","Maybelline Fit Me Matte+Poreless Powder 120 Classic Ivory 6G","","Rp 77.500"
"1730849833-115","https://www.klikindomaret.com/category/facial-cleanser","Nivea Sparkling Bright Facial Foam Pearl 100Ml","","Rp 35.500"
"1730849833-116","https://www.klikindomaret.com/category/facial-cleanser","Nivea Sun Extra Protect Face Serum SPF 50 Instant Aura 7mL","","Rp 18.500"
"1730849833-117","https://www.klikindomaret.com/category/facial-cleanser","Nivea Sun Extra Protect Face Serum SPF 50 Oil Control 7mL","","Rp 18.500"
"1730849833-118","https://www.klikindomaret.com/category/facial-cleanser","Ovale Facial Lotion Anti Acne 200mL","","Rp 33.000"
"1730849833-119","https://www.klikindomaret.com/category/facial-cleanser","Ovale Facial Lotion Whitening 200mL","","Rp 33.000"
"1730849833-120","https://www.klikindomaret.com/category/facial-cleanser","Ovale Real Clay Mask Perfect Purifying 50G","","Rp 29.500"
"1730849833-121","https://www.klikindomaret.com/category/facial-cleanser","Pixy Aqua Beauty Protectting Mist 60Ml","","Rp 32.900"
"1730849833-122","https://www.klikindomaret.com/category/facial-cleanser","Pixy Bb Cream 03 Beige 30Ml","","Rp 42.600"
"1730849833-123","https://www.klikindomaret.com/category/facial-cleanser","Pixy Bb Cream Bright Fix 30Ml","","Rp 42.600"
"1730849833-124","https://www.klikindomaret.com/category/facial-cleanser","Pixy Two Way Cake Perfect Fit Refill Natural Beige 12.2g","","Rp 28.900"
"1730849833-125","https://www.klikindomaret.com/category/facial-cleanser","Pixy Two Way Cake Perfect Fit Refill Natural White 12.2g","","Rp 28.900"
"1730849833-126","https://www.klikindomaret.com/category/facial-cleanser","Pixy Two Way Cake Perfect Last 01 Fair Ochre 9G","","Rp 45.200"
"1730849833-127","https://www.klikindomaret.com/category/facial-cleanser","Pixy Two Way Cake Perfect Last 02 Natural Buff 9G","","Rp 45.200"
"1730849833-128","https://www.klikindomaret.com/category/facial-cleanser","Pixy Two Way Cake Uv Whitening Natural White 12.2G","","Rp 47.000"
"1730849833-129","https://www.klikindomaret.com/category/facial-cleanser","Pixy Uv Whitening Concealing Base 01 Nat.Beige 9G","","Rp 41.000"
"1730849833-130","https://www.klikindomaret.com/category/facial-cleanser","Pixy Uv Whitening Concealing Base 02 Sand Beige 9G","","Rp 41.000"
"1730849833-131","https://www.klikindomaret.com/category/facial-cleanser","Poise Facial Foam Anti Acne 100g","","Rp 27.500"
"1730849833-132","https://www.klikindomaret.com/category/facial-cleanser","Poise Facial Foam Oil Control 100G","","Rp 27.500"
"1730849833-133","https://www.klikindomaret.com/category/facial-cleanser","Poise Luminous Bright Micellar Water 125mL","","Rp 24.000"
"1730849833-134","https://www.klikindomaret.com/category/facial-cleanser","Poise Luminous White Brightening Cream SPF 36++++ 20g","","Rp 19.900"
"1730849833-135","https://www.klikindomaret.com/category/facial-cleanser","Pond's Age Miracle Day Cream 20G","","Rp 78.800"
"1730849833-136","https://www.klikindomaret.com/category/facial-cleanser","Ponds Age Miracle Serum Ultimate Youth 7g","","Rp 26.500"
"1730849833-137","https://www.klikindomaret.com/category/facial-cleanser","Ponds Bright Beauty Power Serum 7.5G","","Rp 19.000"
"1730849833-138","https://www.klikindomaret.com/category/facial-cleanser","Ponds Bright Beauty/Miracle Whip Collagen 100G","","Rp 45.300"
"1730849833-139","https://www.klikindomaret.com/category/facial-cleanser","Ponds Bright Miracle Serum Ultimate Clarity 14G","","Rp 40.000"
"1730849833-140","https://www.klikindomaret.com/category/facial-cleanser","Ponds Micellar Miracel Water Brightening 55mL","","Rp 15.900"
"1730849833-141","https://www.klikindomaret.com/category/facial-cleanser","Ponds Pelembab Wajah Age Miracle Hexyl-Retinol Day Cream 10G","","Rp 41.300"
"1730849833-142","https://www.klikindomaret.com/category/facial-cleanser","Ponds Pelembab Wajah Day Cream Normal Skin Niasorcinol 20G","","Rp 31.900"
"1730849833-143","https://www.klikindomaret.com/category/facial-cleanser","Ponds Pelembap Wajah Age Miracle Hexyl-Retinol Night Cream 10G","","Rp 45.800"
"1730849833-144","https://www.klikindomaret.com/category/facial-cleanser","Ponds Pembersih Wajah Bright Beauty Niasorcinol 100G","","Rp 38.000"
"1730849833-145","https://www.klikindomaret.com/category/facial-cleanser","Ponds Pembersih Wajah Bright Beauty Niasorcinol 50G","","Rp 25.400"
"1730849833-146","https://www.klikindomaret.com/category/facial-cleanser","Ponds Pembersih Wajah Charcoal 50G","","Rp 26.500"
"1730849833-147","https://www.klikindomaret.com/category/facial-cleanser","Ponds Pembersih Wajah Clear Solution/Pore Clear 100G","","Rp 45.300"
"1730849833-148","https://www.klikindomaret.com/category/facial-cleanser","Ponds Pembersih Wajah Facial Foam Pure Bright/Charcoal 100g","","Rp 39.500"
"1730849833-149","https://www.klikindomaret.com/category/facial-cleanser","Ponds Pure Bright/Miracle Whip Collagen 100G","","Rp 45.300"
"1730849833-150","https://www.klikindomaret.com/category/facial-cleanser","Ponds Sun Serum Uv Protect SPF35 Pa+++ UVA UVB 30g","","Rp 29.500"
"1730849833-151","https://www.klikindomaret.com/category/facial-cleanser","Pond's Vitamin Micellar Water Brghtening Rose 100Ml","","Rp 28.500"
"1730849833-152","https://www.klikindomaret.com/category/facial-cleanser","Ponds White Beauty Serum Burst Cream 20G","","Rp 40.500"
"1730849833-153","https://www.klikindomaret.com/category/facial-cleanser","Purbasari Glow Facial Foam Brightening 100g","","Rp 23.500"
"1730849833-154","https://www.klikindomaret.com/category/facial-cleanser","Purbasari Matte Powder Hydra Series Honey Beige 12g","","Rp 24.500"
"1730849833-155","https://www.klikindomaret.com/category/facial-cleanser","Purbasari Matte Powder Hydra Series Natural 12g","","Rp 24.500"
"1730849833-156","https://www.klikindomaret.com/category/facial-cleanser","Rojukiss Pro Acne Serum Cleanser Tea Tree Bija 100mL","","Rp 20.900"
"1730849833-157","https://www.klikindomaret.com/category/facial-cleanser","Sari Ayu Facial Foam Anti Acne 75G","","Rp 26.200"
"1730849833-158","https://www.klikindomaret.com/category/facial-cleanser","Sari Ayu Facial Foam Gel Hydra Glow 100g","","Rp 29.100"
"1730849833-159","https://www.klikindomaret.com/category/facial-cleanser","Sari Ayu Facial Foam Putih Langsat 75G","","Rp 26.900"
"1730849833-160","https://www.klikindomaret.com/category/facial-cleanser","Sari Ayu Foundation Kuning Langsat 35mL","","Rp 19.000"
"1730849833-161","https://www.klikindomaret.com/category/facial-cleanser","Sari Ayu Foundation Kunng Pengantin 35mL","","Rp 19.000"
"1730849833-162","https://www.klikindomaret.com/category/facial-cleanser","Sari Ayu Intensive Acne Serum 12mL","","Rp 28.500"
"1730849833-163","https://www.klikindomaret.com/category/facial-cleanser","Sari Ayu Loose Powder Kuning Langsat 14g","","Rp 23.900"
"1730849833-164","https://www.klikindomaret.com/category/facial-cleanser","Sari Ayu Loose Powder Kuning Pengantin 14g","","Rp 23.900"
"1730849833-165","https://www.klikindomaret.com/category/facial-cleanser","Scarlett Ultra Light Daily Sunscreen Spf 50 Pa+++ 30mL","","Rp 40.000"
"1730849833-166","https://www.klikindomaret.com/category/facial-cleanser","Selection Kapas Kecantikan 50G","","Rp 10.500"
"1730849833-167","https://www.klikindomaret.com/category/facial-cleanser","Selection Kapas Special Tipis 60G","","Rp 16.700"
"1730849833-168","https://www.klikindomaret.com/category/facial-cleanser","Selection Round Kapas 80'S","","Rp 18.200"
"1730849833-169","https://www.klikindomaret.com/category/facial-cleanser","Skintific Purifying Micellar Water Mugwort 75mL","","Rp 39.000"
"1730849833-170","https://www.klikindomaret.com/category/facial-cleanser","The Originote Ceramella Sunscreen Spf50pa+++ 50G","","Rp 47.200"
"1730849833-171","https://www.klikindomaret.com/category/facial-cleanser","Verile Acne Gel 10g","","Rp 22.000"
"1730849833-172","https://www.klikindomaret.com/category/facial-cleanser","Vienna Charcoal Black Head Nose 10Ml","","Rp 10.200"
"1730849833-173","https://www.klikindomaret.com/category/facial-cleanser","Vio Acne Patch Hydrocolloid 18''S Day/Night","","Rp 17.000"
"1730849833-174","https://www.klikindomaret.com/category/facial-cleanser","Vio Acne Shield Patch 24's Day/Night","","Rp 38.000"
"1730849833-175","https://www.klikindomaret.com/category/facial-cleanser","Viva Penyegar Air Mawar 200mL","","Rp 11.500"
"1730849833-176","https://www.klikindomaret.com/category/facial-cleanser","Wardah Acnederm Micellar Water Acne Care 100mL","","Rp 35.100"
"1730849833-177","https://www.klikindomaret.com/category/facial-cleanser","Wardah Creamy Wash C-Defense 100Ml","","Rp 43.400"
"1730849833-178","https://www.klikindomaret.com/category/facial-cleanser","Wardah Crystal Secret Day Cream Brightening 15Ml","","Rp 61.600"
"1730849833-179","https://www.klikindomaret.com/category/facial-cleanser","Wardah Crystal Secret/Clarifying Facial Wash 100Ml","","Rp 41.800"
"1730849833-180","https://www.klikindomaret.com/category/facial-cleanser","Wardah Everyday Bb Cream Natural 15Ml","","Rp 30.900"
"1730849833-181","https://www.klikindomaret.com/category/facial-cleanser","Wardah Lightening Bb Cream Light 15Ml","","Rp 38.300"
"1730849833-182","https://www.klikindomaret.com/category/facial-cleanser","Wardah Lightening Day Cream 20g","","Rp 35.600"
"1730849833-183","https://www.klikindomaret.com/category/facial-cleanser","Wardah Lightening Feel Two Way Cake 02 Golden Beige 12G","","Rp 61.500"
"1730849833-184","https://www.klikindomaret.com/category/facial-cleanser","Wardah Lightening Feel Two Way Cake 03 Sheer Pink 12G","","Rp 61.500"
"1730849833-185","https://www.klikindomaret.com/category/facial-cleanser","Wardah Lightening Liquid Foundation 02 Neutral Beige","","Rp 56.800"
"1730849833-186","https://www.klikindomaret.com/category/facial-cleanser","Wardah Lightening Liquid Foundation 03 Warm Beige","","Rp 56.800"
"1730849833-187","https://www.klikindomaret.com/category/facial-cleanser","Wardah Lightening Night Cream Advanced Niacinamide 20 Ml","","Rp 35.900"
"1730849833-188","https://www.klikindomaret.com/category/facial-cleanser","Wardah Lightening Two Way Cake Refill 02 Golden Beige 12G","","Rp 41.600"
"1730849833-189","https://www.klikindomaret.com/category/facial-cleanser","Wardah Lightening Two Way Cake Refill 03 Sheer Pink 12G","","Rp 41.600"
"1730849833-190","https://www.klikindomaret.com/category/facial-cleanser","Wardah Lightening Whip Facial Foam 100Ml","","Rp 36.600"
"1730849833-191","https://www.klikindomaret.com/category/facial-cleanser","Wardah Nature Daily Micellar Water Seaweed 100Ml","","Rp 35.100"
"1730849833-192","https://www.klikindomaret.com/category/facial-cleanser","Wardah Perfect Bright Creamy Foam Bright + Oil Control 100mL","","Rp 35.300"
"1730849833-193","https://www.klikindomaret.com/category/facial-cleanser","Wardah Perfect Bright Creamy Foam Bright + Smooth Glow 100mL","","Rp 35.300"
"1730849833-194","https://www.klikindomaret.com/category/facial-cleanser","Wardah Perfect Bright Creamy Foam Bright + Smooth Glow 50mL","","Rp 22.700"
"1730849833-195","https://www.klikindomaret.com/category/facial-cleanser","Wardah Perfect Bright Moisturizer Bright + Oil Control SPF 30 Pa+++ 20mL","","Rp 36.300"
"1730849833-196","https://www.klikindomaret.com/category/facial-cleanser","Wardah Renew You Rejuvenating Facial Wash 100mL","","Rp 43.900"
"1730849833-197","https://www.klikindomaret.com/category/facial-cleanser","Wardah Renew You SPF 35 Pa+++ Day Cream 9g","","Rp 35.300"
"1730849833-198","https://www.klikindomaret.com/category/facial-cleanser","Wardah Tone Up Micellar Water Perfect Bright 100mL","","Rp 33.000"
"1730849833-199","https://www.klikindomaret.com/category/facial-cleanser","Wardah Uv Shield Acne Calming Sunscreen Spf 35 Pa+++ 35mL","","Rp 38.700"
"1730849833-200","https://www.klikindomaret.com/category/facial-cleanser","Wardah Uv Shield Airy Sunscreen Serum Spf 50 Pa++++ 25mL","","Rp 38.700"
"1730849833-201","https://www.klikindomaret.com/category/facial-cleanser","Wardah Uv Shield Essent Sunscreen Gel Spf 35 Pa+++ 40mL","","Rp 38.700"
"1730849833-202","https://www.klikindomaret.com/category/facial-cleanser","Y.O.U Hy! Amino Ac-Ttack Anti Acne Facial Wash 100g","","Rp 31.400"
